Anchor text,URL,Context,Reading status,Starred,DOI,arXiv ID,PubMed ID,ISBN,Imported from
Surface temperature and tree canopy in 40 mid-sized cities,https://doi.org/10.5555/uhi.2024.0142,"Across forty mid-sized cities, the canopy study found that blocks with more than 30% tree cover stayed cooler.",Read,Yes,10.5555/uhi.2024.0142,,,,
the review,https://journal.example.org/articles/42#results,,Reading,,10.5555/cool.2025.0007,,,,
a second paper,https://journal.example.org/articles/43,,Unread,,,,,,
Attention Is All You Need,https://arxiv.org/abs/1706.03762v5,"Transformers, introduced in Attention Is All You Need, replaced recurrence.",Unread,,,1706.03762v5,,,
"Heat-related mortality, a cohort study",https://pubmed.ncbi.nlm.nih.gov/31452104/,,Unread,,,,31452104,,
Full text on PMC,https://pmc.ncbi.nlm.nih.gov/articles/PMC6702837/,,Unread,,,,,,
Urban Climates,https://openlibrary.org/isbn/9780306406157,,Unread,,,,,9780306406157,"labs-shortlist.csv, row 3"
Heat & cooling: 50% of #cities_{2024} \ ~ ^ <b> | $5 == [draft],https://example.org/a_b?q={x}&y=%20,,Unread,,,,,,
Surface albedo and street heat,https://data.example.com/albedo,,Unread,,,,,,
,https://data.example.com/files/stations.csv,,Unread,,,,,,
,https://www.cool-streets.example.org/,,Unread,,,,,,
WHO heat guidance,https://who.example.int/heat,,Unread,,,,,,
Write to the lab,mailto:lab@example.edu?subject=Data,,Unread,,,,,,
The canopy paper again,https://doi.org/10.5555/uhi.2024.0142,,Unread,,10.5555/uhi.2024.0142,,,,
